R,pitch,y1,y2,y3,z1,z2,z3
1.0,4.0,1.4948925952956613,2.418155314526844,1.8471834856632237,2.246045068366281,4.171926186309445,3.0715653406063437
